{
  "overall": {
    "average_precision": 0.7203703703703703,
    "brier_score": 0.27112035248018057,
    "log_loss": 0.7497976943365202,
    "roc_auc": 0.6111111111111112
  },
  "per_release": {
    "2026-06-24": {
      "average_precision": 0.7203703703703703,
      "brier_score": 0.27112035248018057,
      "log_loss": 0.7497976943365202,
      "roc_auc": 0.6111111111111112
    }
  }
}
