{
  "overall": {
    "average_precision": 0.6259259259259259,
    "brier_score": 0.2516035556033787,
    "log_loss": 0.6747118612241008,
    "roc_auc": 0.5555555555555556
  },
  "per_release": {
    "2026-06-24": {
      "average_precision": 0.6259259259259259,
      "brier_score": 0.2516035556033787,
      "log_loss": 0.6747118612241008,
      "roc_auc": 0.5555555555555556
    }
  }
}
